Workbook

Sheet Tổng Hợp
A1: STT | B1: Tên Tủ | C1: Số CB | D1: Tổng Giá mua thực (CK 30%)
A2: 1 | B2: 1AP-SC4 | C2: 2 | D2: ='1AP-SC4'!I10
A3: 2 | B3: 1AP-SC3 | C3: 4 | D3: ='1AP-SC3'!I12
A4: 3 | B4: 1AP-SC2 | C4: 20 | D4: ='1AP-SC2'!I28
A5: 4 | B5: 1AP-SC1 | C5: 5 | D5: ='1AP-SC1'!I13
A6: 5 | B6: 1AP-SC6 | C6: 2 | D6: ='1AP-SC6'!I10
A7: 6 | B7: 1AP-SC5 | C7: 2 | D7: ='1AP-SC5'!I10
A8: 7 | B8: 2AP-SC1 | C8: 3 | D8: ='2AP-SC1'!I11
B9: TỔNG CỘNG | D9: =D2+D3+D4+D5+D6+D7+D8

Sheet 1AP-SC4
H1: chiết khấu | J1: 0.3
A2: STT | B2: Tên Thiết Bị : 1AP-SC4 ( Tên này lấy trong bản vẽ) | C2: Model | D2: Mã SP | E2: HÃNG SẢN XUẤT | F2: Đơn vị | G2: SL | H2: Giá gốc | I2: Giá mua thực | J2: Thành tiền
B3: Đầu vào:
A4: 1 | B4: ABN203c 3P 100A 30kA | C4: ABN203c 3P 100A 30kA | D4: ABN203c 3P 100A | E4: LS | F4: Cái | G4: 1 | H4: 2860000 | I4: =H4*(1-$J$1) | J4: =G4*I4
B5: Đầu ra:
A6: 2 | B6: LA63N 1P 6A 6kA | C6: LA63N 1P 6A 6kA | D6: LA63N 1P 6A | E6: LS | F6: Cái | G6: 27 | H6: 115000 | I6: =H6*(1-$J$1) | J6: =G6*I6
B7: Thanh cái đồng | F7: Tủ | G7: 1 | I7: =H7*(1-$J$1) | J7: =G7*I7
B8: Vật tư phụ | F8: Tủ | G8: 1 | I8: =H8*(1-$J$1) | J8: =G8*I8
B9: Nhân công đấu nối tại xưởng | F9: Tủ | G9: 1 | I9: =H9*(1-$J$1) | J9: =G9*I9
B10: Tổng | J10: =J4+J6+J7+J8+J9

Sheet 1AP-SC3
H1: chiết khấu | J1: 0.3
A2: STT | B2: Tên Thiết Bị : 1AP-SC3 ( Tên này lấy trong bản vẽ) | C2: Model | D2: Mã SP | E2: HÃNG SẢN XUẤT | F2: Đơn vị | G2: SL | H2: Giá gốc | I2: Giá mua thực | J2: Thành tiền
B3: Đầu vào:
A4: 1 | B4: ABN203c 3P 100A 30kA | C4: ABN203c 3P 100A 30kA | D4: ABN203c 3P 100A | E4: LS | F4: Cái | G4: 1 | H4: 2860000 | I4: =H4*(1-$J$1) | J4: =G4*I4
B5: Đầu ra:
A6: 2 | B6: LA63N 3P 6A 6kA | C6: LA63N 3P 6A 6kA | D6: LA63N 3P 6A | E6: LS | F6: Cái | G6: 40 | H6: 406000 | I6: =H6*(1-$J$1) | J6: =G6*I6
A7: 3 | B7: ABN53c 3P 32A 18kA | C7: ABN53c 3P 32A 18kA | D7: ABN53c 3P 32A | E7: LS | F7: Cái | G7: 4 | H7: 1150000 | I7: =H7*(1-$J$1) | J7: =G7*I7
A8: 4 | B8: EBN104c 4P 16A 30mA 18kA | C8: EBN104c 4P 16A 30mA 18kA | D8: EBN104c 4P 16A | E8: LS | F8: Cái | G8: 2 | H8: 4100000 | I8: =H8*(1-$J$1) | J8: =G8*I8
B9: Thanh cái đồng | F9: Tủ | G9: 1 | I9: =H9*(1-$J$1) | J9: =G9*I9
B10: Vật tư phụ | F10: Tủ | G10: 1 | I10: =H10*(1-$J$1) | J10: =G10*I10
B11: Nhân công đấu nối tại xưởng | F11: Tủ | G11: 1 | I11: =H11*(1-$J$1) | J11: =G11*I11
B12: Tổng | J12: =J4+J6+J7+J8+J9+J10+J11

Sheet 1AP-SC2
H1: chiết khấu | J1: 0.3
A2: STT | B2: Tên Thiết Bị : 1AP-SC2 ( Tên này lấy trong bản vẽ) | C2: Model | D2: Mã SP | E2: HÃNG SẢN XUẤT | F2: Đơn vị | G2: SL | H2: Giá gốc | I2: Giá mua thực | J2: Thành tiền
B3: Đầu vào:
A4: 1 | B4: ABN203c 3P 100A 30kA | C4: ABN203c 3P 100A 30kA | D4: ABN203c 3P 100A | E4: LS | F4: Cái | G4: 1 | H4: 2860000 | I4: =H4*(1-$J$1) | J4: =G4*I4
B5: Đầu ra:
A6: 2 | B6: RCBO 2P 16A 6kA | F6: Cái | G6: 1 | I6: =H6*(1-$J$1) | J6: =G6*I6
A7: 3 | B7: RCBO 2P 16A 6kA | F7: Cái | G7: 1 | I7: =H7*(1-$J$1) | J7: =G7*I7
A8: 4 | B8: RCBO 2P 16A 6kA | F8: Cái | G8: 1 | I8: =H8*(1-$J$1) | J8: =G8*I8
A9: 5 | B9: RCBO 2P 16A 6kA | F9: Cái | G9: 1 | I9: =H9*(1-$J$1) | J9: =G9*I9
A10: 6 | B10: RCBO 2P 16A 6kA | F10: Cái | G10: 1 | I10: =H10*(1-$J$1) | J10: =G10*I10
A11: 7 | B11: RCBO 2P 16A 6kA | F11: Cái | G11: 1 | I11: =H11*(1-$J$1) | J11: =G11*I11
A12: 8 | B12: RCBO 2P 16A 6kA | F12: Cái | G12: 1 | I12: =H12*(1-$J$1) | J12: =G12*I12
A13: 9 | B13: RCBO 2P 16A 6kA | F13: Cái | G13: 1 | I13: =H13*(1-$J$1) | J13: =G13*I13
A14: 10 | B14: RCBO 2P 16A 6kA | F14: Cái | G14: 1 | I14: =H14*(1-$J$1) | J14: =G14*I14
A15: 11 | B15: RCBO 2P 16A 6kA | F15: Cái | G15: 1 | I15: =H15*(1-$J$1) | J15: =G15*I15
A16: 12 | B16: RCBO 2P 16A 6kA | F16: Cái | G16: 1 | I16: =H16*(1-$J$1) | J16: =G16*I16
A17: 13 | B17: RCBO 2P 16A 6kA | F17: Cái | G17: 1 | I17: =H17*(1-$J$1) | J17: =G17*I17
... A23: 19 | B23: RCBO 2P 16A 6kA | F23: Cái | G23: 1 | I23: =H23*(1-$J$1) | J23: =G23*I23
A24: 20 | B24: LA63N 1P 10A 6kA | C24: LA63N 1P 10A 6kA | D24: LA63N 1P 10A | E24: LS | F24: Cái | G24: 8 | H24: 115000 | I24: =H24*(1-$J$1) | J24: =G24*I24
B25: Thanh cái đồng | F25: Tủ | G25: 1 | I25: =H25*(1-$J$1) | J25: =G25*I25
B26: Vật tư phụ | F26: Tủ | G26: 1 | I26: =H26*(1-$J$1) | J26: =G26*I26
B27: Nhân công đấu nối tại xưởng | F27: Tủ | G27: 1 | I27: =H27*(1-$J$1) | J27: =G27*I27
B28: Tổng | J28: =J4+J6+J7+J8+J9+J10+J11+J12+J13+J14+J15+J16+J17+J18+J19+J20+J21+J22+J23+J24+J25+J26+J27

Sheet 1AP-SC1
H1: chiết khấu | J1: 0.3
A2: STT | B2: Tên Thiết Bị : 1AP-SC1 ( Tên này lấy trong bản vẽ) | C2: Model | D2: Mã SP | E2: HÃNG SẢN XUẤT | F2: Đơn vị | G2: SL | H2: Giá gốc | I2: Giá mua thực | J2: Thành tiền
B3: Đầu vào:
A4: 1 | B4: ABN203c 3P 100A 30kA | C4: ABN203c 3P 100A 30kA | D4: ABN203c 3P 100A | E4: LS | F4: Cái | G4: 1 | H4: 2860000 | I4: =H4*(1-$J$1) | J4: =G4*I4
B5: Đầu ra:
A6: 2 | B6: LA63N 1P 10A 6kA | C6: LA63N 1P 10A 6kA | D6: LA63N 1P 10A | E6: LS | F6: Cái | G6: 20 | H6: 115000 | I6: =H6*(1-$J$1) | J6: =G6*I6
A7: 3 | B7: LA63N 1P 16A 6kA | C7: LA63N 1P 16A 6kA | D7: LA63N 1P 16A | E7: LS | F7: Cái | G7: 10 | H7: 115000 | I7: =H7*(1-$J$1) | J7: =G7*I7
A8: 4 | B8: ABN53c 3P 50A 18kA | C8: ABN53c 3P 50A 18kA | D8: ABN53c 3P 50A | E8: LS | F8: Cái | G8: 2 | H8: 1150000 | I8: =H8*(1-$J$1) | J8: =G8*I8
A9: 5 | B9: ABN53c 3P 32A 18kA | C9: ABN53c 3P 32A 18kA | D9: ABN53c 3P 32A | E9: LS | F9: Cái | G9: 2 | H9: 1150000 | I9: =H9*(1-$J$1) | J9: =G9*I9
B10: Thanh cái đồng | F10: Tủ | G10: 1 | I10: =H10*(1-$J$1) | J10: =G10*I10
B11: Vật tư phụ | F11: Tủ | G11: 1 | I11: =H11*(1-$J$1) | J11: =G11*I11
B12: Nhân công đấu nối tại xưởng | F12: Tủ | G12: 1 | I12: =H12*(1-$J$1) | J12: =G12*I12
B13: Tổng | J13: =J4+J6+J7+J8+J9+J10+J11+J12

Sheet 1AP-SC6
H1: chiết khấu | J1: 0.3
A2: STT | B2: Tên Thiết Bị : 1AP-SC6 ( Tên này lấy trong bản vẽ) | C2: Model | D2: Mã SP | E2: HÃNG SẢN XUẤT | F2: Đơn vị | G2: SL | H2: Giá gốc | I2: Giá mua thực | J2: Thành tiền
B3: Đầu vào:
A4: 1 | B4: ABN203c 3P 100A 30kA | C4: ABN203c 3P 100A 30kA | D4: ABN203c 3P 100A | E4: LS | F4: Cái | G4: 1 | H4: 2860000 | I4: =H4*(1-$J$1) | J4: =G4*I4
B5: Đầu ra:
A6: 2 | B6: LA63N 1P 10A 6kA | C6: LA63N 1P 10A 6kA | D6: LA63N 1P 10A | E6: LS | F6: Cái | G6: 48 | H6: 115000 | I6: =H6*(1-$J$1) | J6: =G6*I6
B7: Thanh cái đồng | F7: Tủ | G7: 1 | I7: =H7*(1-$J$1) | J7: =G7*I7
B8: Vật tư phụ | F8: Tủ | G8: 1 | I8: =H8*(1-$J$1) | J8: =G8*I8
B9: Nhân công đấu nối tại xưởng | F9: Tủ | G9: 1 | I9: =H9*(1-$J$1) | J9: =G9*I9
B10: Tổng | J10: =J4+J6+J7+J8+J9

Sheet 1AP-SC5
H1: chiết khấu | J1: 0.3
A2: STT | B2: Tên Thiết Bị : 1AP-SC5 ( Tên này lấy trong bản vẽ) | C2: Model | D2: Mã SP | E2: HÃNG SẢN XUẤT | F2: Đơn vị | G2: SL | H2: Giá gốc | I2: Giá mua thực | J2: Thành tiền
B3: Đầu vào:
A4: 1 | B4: ABN203c 3P 100A 30kA | C4: ABN203c 3P 100A 30kA | D4: ABN203c 3P 100A | E4: LS | F4: Cái | G4: 1 | H4: 2860000 | I4: =H4*(1-$J$1) | J4: =G4*I4
B5: Đầu ra:
A6: 2 | B6: LA63H 3P 16A 10kA | C6: LA63H 3P 16A 10kA | D6: LA63H 3P 16A | E6: LS | F6: Cái | G6: 20 | H6: 576000 | I6: =H6*(1-$J$1) | J6: =G6*I6
B7: Thanh cái đồng | F7: Tủ | G7: 1 | I7: =H7*(1-$J$1) | J7: =G7*I7
B8: Vật tư phụ | F8: Tủ | G8: 1 | I8: =H8*(1-$J$1) | J8: =G8*I8
B9: Nhân công đấu nối tại xưởng | F9: Tủ | G9: 1 | I9: =H9*(1-$J$1) | J9: =G9*I9
B10: Tổng | J10: =J4+J6+J7+J8+J9

Sheet 2AP-SC1
H1: chiết khấu | J1: 0.3
A2: STT | B2: Tên Thiết Bị : 2AP-SC1 ( Tên này lấy trong bản vẽ) | C2: Model | D2: Mã SP | E2: HÃNG SẢN XUẤT | F2: Đơn vị | G2: SL | H2: Giá gốc | I2: Giá mua thực | J2: Thành tiền
B3: Đầu vào:
A4: 1 | B4: ABN203c 3P 100A 30kA | C4: ABN203c 3P 100A 30kA | D4: ABN203c 3P 100A | E4: LS | F4: Cái | G4: 1 | H4: 2860000 | I4: =H4*(1-$J$1) | J4: =G4*I4
B5: Đầu ra:
A6: 2 | B6: LA63H 3P 16A 10kA | C6: LA63H 3P 16A 10kA | D6: LA63H 3P 16A | E6: LS | F6: Cái | G6: 20 | H6: 576000 | I6: =H6*(1-$J$1) | J6: =G6*I6
A7: 3 | B7: SPD 3P A | F7: Cái | G7: 1 | I7: =H7*(1-$J$1) | J7: =G7*I7
B8: Thanh cái đồng | F8: Tủ | G8: 1 | I8: =H8*(1-$J$1) | J8: =G8*I8
B9: Vật tư phụ | F9: Tủ | G9: 1 | I9: =H9*(1-$J$1) | J9: =G9*I9
B10: Nhân công đấu nối tại xưởng | F10: Tủ | G10: 1 | I10: =H10*(1-$J$1) | J10: =G10*I10
B11: Tổng | J11: =J4+J6+J7+J8+J9+J10
